{
"lengthUnit": "mil",
"remark": [],
"components": {
	"fields": ["COMPONENT_NO", "COMPONENT_NAME", "LAYER", "X_COORDINATE", "Y_COORDINATE", "ANGLE"],
	"rows": [
		[1, "C1", "T", 1525, -80, 90],
		[2, "C2", "T", 400, -595, 0],
		[3, "C3", "T", 410, -250, 0],
		[4, "C4", "T", 405, -380, 0],
		[5, "C5", "T", 590, -105, 180],
		[6, "C6", "T", 635, -560, 90],
		[7, "D1", "T", 2115, -130, 0],
		[8, "U1", "T", 1230, -420, 0],
		[9, "USB1", "T", 2435, -370, 90],
		[10, "USB2", "T", 355, -895, 0],
		[11, "USB3", "T", 1065, -900, 0],
		[12, "USB4", "T", 1770, -905, 0],
		[13, "PAD1", "T", 1525, -52.44, 0],
		[14, "PAD2", "T", 1525, -107.56, 0],
		[15, "PAD3", "T", 427.56, -595, 0],
		[16, "PAD4", "T", 372.44, -595, 0],
		[17, "PAD5", "T", 437.56, -250, 0],
		[18, "PAD6", "T", 382.44, -250, 0],
		[19, "PAD7", "T", 432.56, -380, 0],
		[20, "PAD8", "T", 377.44, -380, 0],
		[21, "PAD9", "T", 562.44, -105, 0],
		[22, "PAD10", "T", 617.56, -105, 0],
		[23, "PAD11", "T", 635, -532.44, 0],
		[24, "PAD12", "T", 635, -587.56, 0],
		[25, "PAD13", "T", 2161.165, -130, 0],
		[26, "PAD14", "T", 2068.835, -130, 0],
		[27, "PAD15", "T", 1155, -533.09, 0],
		[28, "PAD16", "T", 1205, -533.09, 0],
		[29, "PAD17", "T", 1255, -533.09, 0],
		[30, "PAD18", "T", 1305, -533.09, 0],
		[31, "PAD19", "T", 1355, -533.09, 0],
		[32, "PAD20", "T", 1405, -533.09, 0],
		[33, "PAD21", "T", 1055, -306.91, 0],
		[34, "PAD22", "T", 1155, -306.91, 0],
		[35, "PAD23", "T", 1205, -306.91, 0],
		[36, "PAD24", "T", 1255, -306.91, 0],
		[37, "PAD25", "T", 1305, -306.91, 0],
		[38, "PAD26", "T", 1355, -306.91, 0],
		[39, "PAD27", "T", 1405, -306.91, 0],
		[40, "PAD28", "T", 2474.37, -598.345, 0],
		[41, "PAD28", "B", 2474.37, -598.345, 0],
		[42, "PAD29", "T", 2474.37, -141.655, 0],
		[43, "PAD29", "B", 2474.37, -141.655, 0],
		[44, "PAD30", "T", 2395.63, -232.205, 0],
		[45, "PAD30", "B", 2395.63, -232.205, 0],
		[46, "PAD31", "T", 2395.63, -330.625, 0],
		[47, "PAD31", "B", 2395.63, -330.625, 0],
		[48, "PAD32", "T", 2395.63, -409.365, 0],
		[49, "PAD32", "B", 2395.63, -409.365, 0],
		[50, "PAD33", "T", 2395.63, -507.795, 0],
		[51, "PAD33", "B", 2395.63, -507.795, 0],
		[52, "PAD34", "T", 79.41, -948.345, 0],
		[53, "PAD34", "B", 79.41, -948.345, 0],
		[54, "PAD35", "T", 630.59, -948.345, 0],
		[55, "PAD35", "B", 630.59, -948.345, 0],
		[56, "PAD36", "T", 492.79, -841.655, 0],
		[57, "PAD36", "B", 492.79, -841.655, 0],
		[58, "PAD37", "T", 394.37, -841.655, 0],
		[59, "PAD37", "B", 394.37, -841.655, 0],
		[60, "PAD38", "T", 315.63, -841.655, 0],
		[61, "PAD38", "B", 315.63, -841.655, 0],
		[62, "PAD39", "T", 217.2, -841.655, 0],
		[63, "PAD39", "B", 217.2, -841.655, 0],
		[64, "PAD40", "T", 789.41, -953.345, 0],
		[65, "PAD40", "B", 789.41, -953.345, 0],
		[66, "PAD41", "T", 1340.59, -953.345, 0],
		[67, "PAD41", "B", 1340.59, -953.345, 0],
		[68, "PAD42", "T", 1202.79, -846.655, 0],
		[69, "PAD42", "B", 1202.79, -846.655, 0],
		[70, "PAD43", "T", 1104.37, -846.655, 0],
		[71, "PAD43", "B", 1104.37, -846.655, 0],
		[72, "PAD44", "T", 1025.63, -846.655, 0],
		[73, "PAD44", "B", 1025.63, -846.655, 0],
		[74, "PAD45", "T", 927.2, -846.655, 0],
		[75, "PAD45", "B", 927.2, -846.655, 0],
		[76, "PAD46", "T", 1494.41, -958.345, 0],
		[77, "PAD46", "B", 1494.41, -958.345, 0],
		[78, "PAD47", "T", 2045.59, -958.345, 0],
		[79, "PAD47", "B", 2045.59, -958.345, 0],
		[80, "PAD48", "T", 1907.79, -851.655, 0],
		[81, "PAD48", "B", 1907.79, -851.655, 0],
		[82, "PAD49", "T", 1809.37, -851.655, 0],
		[83, "PAD49", "B", 1809.37, -851.655, 0],
		[84, "PAD50", "T", 1730.63, -851.655, 0],
		[85, "PAD50", "B", 1730.63, -851.655, 0],
		[86, "PAD51", "T", 1632.2, -851.655, 0],
		[87, "PAD51", "B", 1632.2, -851.655, 0]
	]
},
"pins": {
	"fields": ["PIN_NO", "PIN_NAME", "PIN_X", "PIN_Y", "LAYER", "PIN_TYPE", "NET_NAME", "NET_TYPE", "PAD_SHAPE", "PAD_SIZEX", "PAD_SIZEY", "HOLE_SIZE", "HOLE_LEN", "PAD_ANGLE"],
	"rows": [
		[1, "C1_1", 1525, -107.56, "T", "SMD", "+5V", "", "R", 31.496, 35.433, 0, 0, 90],
		[2, "C1_2", 1525, -52.44, "T", "SMD", "GND", "GND", "R", 31.496, 35.433, 0, 0, 90],
		[3, "C2_1", 372.44, -595, "T", "SMD", "+5V", "", "R", 31.496, 35.433, 0, 0, 0],
		[4, "C2_2", 427.56, -595, "T", "SMD", "GND", "GND", "R", 31.496, 35.433, 0, 0, 0],
		[5, "C3_1", 382.44, -250, "T", "SMD", "+5V", "", "R", 31.496, 35.433, 0, 0, 0],
		[6, "C3_2", 437.56, -250, "T", "SMD", "GND", "GND", "R", 31.496, 35.433, 0, 0, 0],
		[7, "C4_1", 377.44, -380, "T", "SMD", "+5V", "", "R", 31.496, 35.433, 0, 0, 0],
		[8, "C4_2", 432.56, -380, "T", "SMD", "GND", "GND", "R", 31.496, 35.433, 0, 0, 0],
		[9, "C5_1", 617.56, -105, "T", "SMD", "$1N2159", "", "R", 31.496, 35.433, 0, 0, 180],
		[10, "C5_2", 562.44, -105, "T", "SMD", "GND", "GND", "R", 31.496, 35.433, 0, 0, 180],
		[11, "C6_1", 635, -587.56, "T", "SMD", "$1N2173", "", "R", 31.496, 35.433, 0, 0, 90],
		[12, "C6_2", 635, -532.44, "T", "SMD", "GND", "GND", "R", 31.496, 35.433, 0, 0, 90],
		[13, "D1_1", 2068.835, -130, "T", "SMD", "+5V", "", "R", 39.37, 29.528, 0, 0, 0],
		[14, "D1_2", 2161.165, -130, "T", "SMD", "$1N1869", "", "R", 39.37, 29.528, 0, 0, 0],
		[15, "U1_1", 1055, -533.09, "T", "SMD", "NET_1", "", "O", 22.047, 68.701, 0, 0, 360],
		[16, "U1_2", 1105, -533.09, "T", "SMD", "NET_2", "", "O", 22.047, 68.701, 0, 0, 360],
		[17, "U1_3", 1155, -533.09, "T", "SMD", "$1N1519", "", "O", 22.047, 68.701, 0, 0, 360],
		[18, "U1_4", 1205, -533.09, "T", "SMD", "$1N1512", "", "O", 22.047, 68.701, 0, 0, 360],
		[19, "U1_5", 1255, -533.09, "T", "SMD", "$1N1505", "", "O", 22.047, 68.701, 0, 0, 360],
		[20, "U1_6", 1305, -533.09, "T", "SMD", "$1N1498", "", "O", 22.047, 68.701, 0, 0, 360],
		[21, "U1_7", 1355, -533.09, "T", "SMD", "$1N1492", "", "O", 22.047, 68.701, 0, 0, 360],
		[22, "U1_8", 1405, -533.09, "T", "SMD", "$1N1485", "", "O", 22.047, 68.701, 0, 0, 360],
		[23, "U1_9", 1405, -306.91, "T", "SMD", "$1N1108", "", "O", 22.047, 68.701, 0, 0, 360],
		[24, "U1_10", 1355, -306.91, "T", "SMD", "$1N1073", "", "O", 22.047, 68.701, 0, 0, 360],
		[25, "U1_11", 1305, -306.91, "T", "SMD", "+5V", "", "O", 22.047, 68.701, 0, 0, 360],
		[26, "U1_12", 1255, -306.91, "T", "SMD", "GND", "GND", "O", 22.047, 68.701, 0, 0, 360],
		[27, "U1_13", 1205, -306.91, "T", "SMD", "$1N2159", "", "O", 22.047, 68.701, 0, 0, 360],
		[28, "U1_14", 1155, -306.91, "T", "SMD", "$1N2173", "", "O", 22.047, 68.701, 0, 0, 360],
		[29, "U1_15", 1105, -306.91, "T", "SMD", "NET_3", "", "O", 22.047, 68.701, 0, 0, 360],
		[30, "U1_16", 1055, -306.91, "T", "SMD", "GND", "GND", "O", 22.047, 68.701, 0, 0, 360],
		[31, "USB1_1", 2395.63, -232.205, "T", "DIP", "$1N1869", "", "R", 62.992, 62.992, 39.37, 39.37, 90],
		[32, "USB1_1", 2395.63, -232.205, "B", "DIP", "$1N1869", "", "R", 62.992, 62.992, 39.37, 39.37, 90],
		[33, "USB1_2", 2395.63, -330.625, "T", "DIP", "$1N1108", "", "C", 62.992, 62.992, 39.37, 39.37, 90],
		[34, "USB1_2", 2395.63, -330.625, "B", "DIP", "$1N1108", "", "C", 62.992, 62.992, 39.37, 39.37, 90],
		[35, "USB1_3", 2395.63, -409.365, "T", "DIP", "$1N1073", "", "C", 62.992, 62.992, 39.37, 39.37, 90],
		[36, "USB1_3", 2395.63, -409.365, "B", "DIP", "$1N1073", "", "C", 62.992, 62.992, 39.37, 39.37, 90],
		[37, "USB1_4", 2395.63, -507.795, "T", "DIP", "GND", "GND", "C", 62.992, 62.992, 39.37, 39.37, 90],
		[38, "USB1_4", 2395.63, -507.795, "B", "DIP", "GND", "GND", "C", 62.992, 62.992, 39.37, 39.37, 90],
		[39, "USB1_5", 2474.37, -141.655, "T", "DIP", "GND", "GND", "R", 62.992, 110.236, 31.496, 98.425, 90],
		[40, "USB1_5", 2474.37, -141.655, "B", "DIP", "GND", "GND", "R", 62.992, 110.236, 31.496, 98.425, 90],
		[41, "USB1_6", 2474.37, -598.345, "T", "DIP", "GND", "GND", "R", 62.992, 110.236, 31.496, 98.425, 90],
		[42, "USB1_6", 2474.37, -598.345, "B", "DIP", "GND", "GND", "R", 62.992, 110.236, 31.496, 98.425, 90],
		[43, "USB2_1", 217.2, -841.655, "T", "DIP", "+5V", "", "R", 60, 60, 36.22, 36.22, 0],
		[44, "USB2_1", 217.2, -841.655, "B", "DIP", "+5V", "", "R", 60, 60, 36.22, 36.22, 0],
		[45, "USB2_2", 315.63, -841.655, "T", "DIP", "$1N1519", "", "C", 60, 60, 36.22, 36.22, 0],
		[46, "USB2_2", 315.63, -841.655, "B", "DIP", "$1N1519", "", "C", 60, 60, 36.22, 36.22, 0],
		[47, "USB2_3", 394.37, -841.655, "T", "DIP", "$1N1512", "", "C", 60, 60, 36.22, 36.22, 0],
		[48, "USB2_3", 394.37, -841.655, "B", "DIP", "$1N1512", "", "C", 60, 60, 36.22, 36.22, 0],
		[49, "USB2_4", 492.79, -841.655, "T", "DIP", "GND", "GND", "C", 60, 60, 36.22, 36.22, 0],
		[50, "USB2_4", 492.79, -841.655, "B", "DIP", "GND", "GND", "C", 60, 60, 36.22, 36.22, 0],
		[51, "USB2_5", 630.59, -948.345, "T", "DIP", "GND", "GND", "C", 102.362, 102.362, 82.678, 82.678, 0],
		[52, "USB2_5", 630.59, -948.345, "B", "DIP", "GND", "GND", "C", 102.362, 102.362, 82.678, 82.678, 0],
		[53, "USB2_6", 79.41, -948.345, "T", "DIP", "GND", "GND", "C", 102.362, 102.362, 82.678, 82.678, 0],
		[54, "USB2_6", 79.41, -948.345, "B", "DIP", "GND", "GND", "C", 102.362, 102.362, 82.678, 82.678, 0],
		[55, "USB3_1", 927.2, -846.655, "T", "DIP", "+5V", "", "R", 60, 60, 36.22, 36.22, 0],
		[56, "USB3_1", 927.2, -846.655, "B", "DIP", "+5V", "", "R", 60, 60, 36.22, 36.22, 0],
		[57, "USB3_2", 1025.63, -846.655, "T", "DIP", "$1N1505", "", "C", 60, 60, 36.22, 36.22, 0],
		[58, "USB3_2", 1025.63, -846.655, "B", "DIP", "$1N1505", "", "C", 60, 60, 36.22, 36.22, 0],
		[59, "USB3_3", 1104.37, -846.655, "T", "DIP", "$1N1498", "", "C", 60, 60, 36.22, 36.22, 0],
		[60, "USB3_3", 1104.37, -846.655, "B", "DIP", "$1N1498", "", "C", 60, 60, 36.22, 36.22, 0],
		[61, "USB3_4", 1202.79, -846.655, "T", "DIP", "GND", "GND", "C", 60, 60, 36.22, 36.22, 0],
		[62, "USB3_4", 1202.79, -846.655, "B", "DIP", "GND", "GND", "C", 60, 60, 36.22, 36.22, 0],
		[63, "USB3_5", 1340.59, -953.345, "T", "DIP", "GND", "GND", "C", 102.362, 102.362, 82.678, 82.678, 0],
		[64, "USB3_5", 1340.59, -953.345, "B", "DIP", "GND", "GND", "C", 102.362, 102.362, 82.678, 82.678, 0],
		[65, "USB3_6", 789.41, -953.345, "T", "DIP", "GND", "GND", "C", 102.362, 102.362, 82.678, 82.678, 0],
		[66, "USB3_6", 789.41, -953.345, "B", "DIP", "GND", "GND", "C", 102.362, 102.362, 82.678, 82.678, 0],
		[67, "USB4_1", 1632.2, -851.655, "T", "DIP", "+5V", "", "R", 60, 60, 36.22, 36.22, 0],
		[68, "USB4_1", 1632.2, -851.655, "B", "DIP", "+5V", "", "R", 60, 60, 36.22, 36.22, 0],
		[69, "USB4_2", 1730.63, -851.655, "T", "DIP", "$1N1492", "", "C", 60, 60, 36.22, 36.22, 0],
		[70, "USB4_2", 1730.63, -851.655, "B", "DIP", "$1N1492", "", "C", 60, 60, 36.22, 36.22, 0],
		[71, "USB4_3", 1809.37, -851.655, "T", "DIP", "$1N1485", "", "C", 60, 60, 36.22, 36.22, 0],
		[72, "USB4_3", 1809.37, -851.655, "B", "DIP", "$1N1485", "", "C", 60, 60, 36.22, 36.22, 0],
		[73, "USB4_4", 1907.79, -851.655, "T", "DIP", "GND", "GND", "C", 60, 60, 36.22, 36.22, 0],
		[74, "USB4_4", 1907.79, -851.655, "B", "DIP", "GND", "GND", "C", 60, 60, 36.22, 36.22, 0],
		[75, "USB4_5", 2045.59, -958.345, "T", "DIP", "GND", "GND", "C", 102.362, 102.362, 82.678, 82.678, 0],
		[76, "USB4_5", 2045.59, -958.345, "B", "DIP", "GND", "GND", "C", 102.362, 102.362, 82.678, 82.678, 0],
		[77, "USB4_6", 1494.41, -958.345, "T", "DIP", "GND", "GND", "C", 102.362, 102.362, 82.678, 82.678, 0],
		[78, "USB4_6", 1494.41, -958.345, "B", "DIP", "GND", "GND", "C", 102.362, 102.362, 82.678, 82.678, 0],
		[79, "PAD1_2", 1525, -52.44, "T", "SMD", "GND", "GND", "R", 31.496, 35.433, 0, 0, 90],
		[80, "PAD2_1", 1525, -107.56, "T", "SMD", "+5V", "", "R", 31.496, 35.433, 0, 0, 90],
		[81, "PAD3_2", 427.56, -595, "T", "SMD", "GND", "GND", "R", 31.496, 35.433, 0, 0, 0],
		[82, "PAD4_1", 372.44, -595, "T", "SMD", "+5V", "", "R", 31.496, 35.433, 0, 0, 0],
		[83, "PAD5_2", 437.56, -250, "T", "SMD", "GND", "GND", "R", 31.496, 35.433, 0, 0, 0],
		[84, "PAD6_1", 382.44, -250, "T", "SMD", "+5V", "", "R", 31.496, 35.433, 0, 0, 0],
		[85, "PAD7_2", 432.56, -380, "T", "SMD", "GND", "GND", "R", 31.496, 35.433, 0, 0, 0],
		[86, "PAD8_1", 377.44, -380, "T", "SMD", "+5V", "", "R", 31.496, 35.433, 0, 0, 0],
		[87, "PAD9_2", 562.44, -105, "T", "SMD", "GND", "GND", "R", 31.496, 35.433, 0, 0, 180],
		[88, "PAD10_1", 617.56, -105, "T", "SMD", "$1N2159", "", "R", 31.496, 35.433, 0, 0, 180],
		[89, "PAD11_2", 635, -532.44, "T", "SMD", "GND", "GND", "R", 31.496, 35.433, 0, 0, 90],
		[90, "PAD12_1", 635, -587.56, "T", "SMD", "$1N2173", "", "R", 31.496, 35.433, 0, 0, 90],
		[91, "PAD13_2", 2161.165, -130, "T", "SMD", "$1N1869", "", "R", 39.37, 29.528, 0, 0, 0],
		[92, "PAD14_1", 2068.835, -130, "T", "SMD", "+5V", "", "R", 39.37, 29.528, 0, 0, 0],
		[93, "PAD15_3", 1155, -533.09, "T", "SMD", "$1N1519", "", "O", 22.047, 68.701, 0, 0, 360],
		[94, "PAD16_4", 1205, -533.09, "T", "SMD", "$1N1512", "", "O", 22.047, 68.701, 0, 0, 360],
		[95, "PAD17_5", 1255, -533.09, "T", "SMD", "$1N1505", "", "O", 22.047, 68.701, 0, 0, 360],
		[96, "PAD18_6", 1305, -533.09, "T", "SMD", "$1N1498", "", "O", 22.047, 68.701, 0, 0, 360],
		[97, "PAD19_7", 1355, -533.09, "T", "SMD", "$1N1492", "", "O", 22.047, 68.701, 0, 0, 360],
		[98, "PAD20_8", 1405, -533.09, "T", "SMD", "$1N1485", "", "O", 22.047, 68.701, 0, 0, 360],
		[99, "PAD21_16", 1055, -306.91, "T", "SMD", "GND", "GND", "O", 22.047, 68.701, 0, 0, 360],
		[100, "PAD22_14", 1155, -306.91, "T", "SMD", "$1N2173", "", "O", 22.047, 68.701, 0, 0, 360],
		[101, "PAD23_13", 1205, -306.91, "T", "SMD", "$1N2159", "", "O", 22.047, 68.701, 0, 0, 360],
		[102, "PAD24_12", 1255, -306.91, "T", "SMD", "GND", "GND", "O", 22.047, 68.701, 0, 0, 360],
		[103, "PAD25_11", 1305, -306.91, "T", "SMD", "+5V", "", "O", 22.047, 68.701, 0, 0, 360],
		[104, "PAD26_10", 1355, -306.91, "T", "SMD", "$1N1073", "", "O", 22.047, 68.701, 0, 0, 360],
		[105, "PAD27_9", 1405, -306.91, "T", "SMD", "$1N1108", "", "O", 22.047, 68.701, 0, 0, 360],
		[106, "PAD28_6", 2474.37, -598.345, "T", "DIP", "GND", "GND", "R", 62.992, 110.236, 31.496, 98.425, 90],
		[107, "PAD28_6", 2474.37, -598.345, "B", "DIP", "GND", "GND", "R", 62.992, 110.236, 31.496, 98.425, 90],
		[108, "PAD29_5", 2474.37, -141.655, "T", "DIP", "GND", "GND", "R", 62.992, 110.236, 31.496, 98.425, 90],
		[109, "PAD29_5", 2474.37, -141.655, "B", "DIP", "GND", "GND", "R", 62.992, 110.236, 31.496, 98.425, 90],
		[110, "PAD30_1", 2395.63, -232.205, "T", "DIP", "$1N1869", "", "R", 62.992, 62.992, 39.37, 39.37, 90],
		[111, "PAD30_1", 2395.63, -232.205, "B", "DIP", "$1N1869", "", "R", 62.992, 62.992, 39.37, 39.37, 90],
		[112, "PAD31_2", 2395.63, -330.625, "T", "DIP", "$1N1108", "", "C", 62.992, 62.992, 39.37, 39.37, 90],
		[113, "PAD31_2", 2395.63, -330.625, "B", "DIP", "$1N1108", "", "C", 62.992, 62.992, 39.37, 39.37, 90],
		[114, "PAD32_3", 2395.63, -409.365, "T", "DIP", "$1N1073", "", "C", 62.992, 62.992, 39.37, 39.37, 90],
		[115, "PAD32_3", 2395.63, -409.365, "B", "DIP", "$1N1073", "", "C", 62.992, 62.992, 39.37, 39.37, 90],
		[116, "PAD33_4", 2395.63, -507.795, "T", "DIP", "GND", "GND", "C", 62.992, 62.992, 39.37, 39.37, 90],
		[117, "PAD33_4", 2395.63, -507.795, "B", "DIP", "GND", "GND", "C", 62.992, 62.992, 39.37, 39.37, 90],
		[118, "PAD34_6", 79.41, -948.345, "T", "DIP", "GND", "GND", "C", 102.362, 102.362, 82.678, 82.678, 0],
		[119, "PAD34_6", 79.41, -948.345, "B", "DIP", "GND", "GND", "C", 102.362, 102.362, 82.678, 82.678, 0],
		[120, "PAD35_5", 630.59, -948.345, "T", "DIP", "GND", "GND", "C", 102.362, 102.362, 82.678, 82.678, 0],
		[121, "PAD35_5", 630.59, -948.345, "B", "DIP", "GND", "GND", "C", 102.362, 102.362, 82.678, 82.678, 0],
		[122, "PAD36_4", 492.79, -841.655, "T", "DIP", "GND", "GND", "C", 60, 60, 36.22, 36.22, 0],
		[123, "PAD36_4", 492.79, -841.655, "B", "DIP", "GND", "GND", "C", 60, 60, 36.22, 36.22, 0],
		[124, "PAD37_3", 394.37, -841.655, "T", "DIP", "$1N1512", "", "C", 60, 60, 36.22, 36.22, 0],
		[125, "PAD37_3", 394.37, -841.655, "B", "DIP", "$1N1512", "", "C", 60, 60, 36.22, 36.22, 0],
		[126, "PAD38_2", 315.63, -841.655, "T", "DIP", "$1N1519", "", "C", 60, 60, 36.22, 36.22, 0],
		[127, "PAD38_2", 315.63, -841.655, "B", "DIP", "$1N1519", "", "C", 60, 60, 36.22, 36.22, 0],
		[128, "PAD39_1", 217.2, -841.655, "T", "DIP", "+5V", "", "R", 60, 60, 36.22, 36.22, 0],
		[129, "PAD39_1", 217.2, -841.655, "B", "DIP", "+5V", "", "R", 60, 60, 36.22, 36.22, 0],
		[130, "PAD40_6", 789.41, -953.345, "T", "DIP", "GND", "GND", "C", 102.362, 102.362, 82.678, 82.678, 0],
		[131, "PAD40_6", 789.41, -953.345, "B", "DIP", "GND", "GND", "C", 102.362, 102.362, 82.678, 82.678, 0],
		[132, "PAD41_5", 1340.59, -953.345, "T", "DIP", "GND", "GND", "C", 102.362, 102.362, 82.678, 82.678, 0],
		[133, "PAD41_5", 1340.59, -953.345, "B", "DIP", "GND", "GND", "C", 102.362, 102.362, 82.678, 82.678, 0],
		[134, "PAD42_4", 1202.79, -846.655, "T", "DIP", "GND", "GND", "C", 60, 60, 36.22, 36.22, 0],
		[135, "PAD42_4", 1202.79, -846.655, "B", "DIP", "GND", "GND", "C", 60, 60, 36.22, 36.22, 0],
		[136, "PAD43_3", 1104.37, -846.655, "T", "DIP", "$1N1498", "", "C", 60, 60, 36.22, 36.22, 0],
		[137, "PAD43_3", 1104.37, -846.655, "B", "DIP", "$1N1498", "", "C", 60, 60, 36.22, 36.22, 0],
		[138, "PAD44_2", 1025.63, -846.655, "T", "DIP", "$1N1505", "", "C", 60, 60, 36.22, 36.22, 0],
		[139, "PAD44_2", 1025.63, -846.655, "B", "DIP", "$1N1505", "", "C", 60, 60, 36.22, 36.22, 0],
		[140, "PAD45_1", 927.2, -846.655, "T", "DIP", "+5V", "", "R", 60, 60, 36.22, 36.22, 0],
		[141, "PAD45_1", 927.2, -846.655, "B", "DIP", "+5V", "", "R", 60, 60, 36.22, 36.22, 0],
		[142, "PAD46_6", 1494.41, -958.345, "T", "DIP", "GND", "GND", "C", 102.362, 102.362, 82.678, 82.678, 0],
		[143, "PAD46_6", 1494.41, -958.345, "B", "DIP", "GND", "GND", "C", 102.362, 102.362, 82.678, 82.678, 0],
		[144, "PAD47_5", 2045.59, -958.345, "T", "DIP", "GND", "GND", "C", 102.362, 102.362, 82.678, 82.678, 0],
		[145, "PAD47_5", 2045.59, -958.345, "B", "DIP", "GND", "GND", "C", 102.362, 102.362, 82.678, 82.678, 0],
		[146, "PAD48_4", 1907.79, -851.655, "T", "DIP", "GND", "GND", "C", 60, 60, 36.22, 36.22, 0],
		[147, "PAD48_4", 1907.79, -851.655, "B", "DIP", "GND", "GND", "C", 60, 60, 36.22, 36.22, 0],
		[148, "PAD49_3", 1809.37, -851.655, "T", "DIP", "$1N1485", "", "C", 60, 60, 36.22, 36.22, 0],
		[149, "PAD49_3", 1809.37, -851.655, "B", "DIP", "$1N1485", "", "C", 60, 60, 36.22, 36.22, 0],
		[150, "PAD50_2", 1730.63, -851.655, "T", "DIP", "$1N1492", "", "C", 60, 60, 36.22, 36.22, 0],
		[151, "PAD50_2", 1730.63, -851.655, "B", "DIP", "$1N1492", "", "C", 60, 60, 36.22, 36.22, 0],
		[152, "PAD51_1", 1632.2, -851.655, "T", "DIP", "+5V", "", "R", 60, 60, 36.22, 36.22, 0],
		[153, "PAD51_1", 1632.2, -851.655, "B", "DIP", "+5V", "", "R", 60, 60, 36.22, 36.22, 0]
	]
}
}