{
"lengthUnit": "mil",
"remark": [],
"components": {
	"fields": ["COMPONENT_NO", "COMPONENT_NAME", "LAYER", "X_COORDINATE", "Y_COORDINATE", "ANGLE"],
	"rows": [
		[1, "C1", "T", 2345, -640, 0],
		[2, "C2", "T", 930, -505, 0],
		[3, "C3", "T", 280, -600, 90],
		[4, "C4", "T", 1980, -200, 0],
		[5, "C5", "T", 705, -130, 180],
		[6, "C6", "T", 1320, -135, 0],
		[7, "D1", "T", 2240, -155, 0],
		[8, "U1", "T", 1575, -305, 270],
		[9, "USB1", "T", 2505, -330, 90],
		[10, "USB2", "T", 1190, -885, 0],
		[11, "USB3", "T", 1930, -880, 0],
		[12, "USB4", "T", 450, -885, 0],
		[13, "PAD1", "T", 2372.56, -640, 0],
		[14, "PAD2", "T", 2317.44, -640, 0],
		[15, "PAD3", "T", 957.56, -505, 0],
		[16, "PAD4", "T", 902.44, -505, 0],
		[17, "PAD5", "T", 280, -572.44, 0],
		[18, "PAD6", "T", 280, -627.56, 0],
		[19, "PAD7", "T", 2007.56, -200, 0],
		[20, "PAD8", "T", 1952.44, -200, 0],
		[21, "PAD9", "T", 677.44, -130, 0],
		[22, "PAD10", "T", 732.56, -130, 0],
		[23, "PAD11", "T", 1347.56, -135, 0],
		[24, "PAD12", "T", 1292.44, -135, 0],
		[25, "PAD13", "T", 2286.165, -155, 0],
		[26, "PAD14", "T", 2193.835, -155, 0],
		[27, "PAD15", "T", 1461.91, -230, 0],
		[28, "PAD16", "T", 1461.91, -280, 0],
		[29, "PAD17", "T", 1461.91, -330, 0],
		[30, "PAD18", "T", 1461.91, -380, 0],
		[31, "PAD19", "T", 1461.91, -430, 0],
		[32, "PAD20", "T", 1461.91, -480, 0],
		[33, "PAD21", "T", 1688.09, -130, 0],
		[34, "PAD22", "T", 1688.09, -230, 0],
		[35, "PAD23", "T", 1688.09, -280, 0],
		[36, "PAD24", "T", 1688.09, -330, 0],
		[37, "PAD25", "T", 1688.09, -380, 0],
		[38, "PAD26", "T", 1688.09, -430, 0],
		[39, "PAD27", "T", 1688.09, -480, 0],
		[40, "PAD28", "T", 2544.37, -558.345, 0],
		[41, "PAD28", "B", 2544.37, -558.345, 0],
		[42, "PAD29", "T", 2544.37, -101.655, 0],
		[43, "PAD29", "B", 2544.37, -101.655, 0],
		[44, "PAD30", "T", 2465.63, -192.205, 0],
		[45, "PAD30", "B", 2465.63, -192.205, 0],
		[46, "PAD31", "T", 2465.63, -290.625, 0],
		[47, "PAD31", "B", 2465.63, -290.625, 0],
		[48, "PAD32", "T", 2465.63, -369.365, 0],
		[49, "PAD32", "B", 2465.63, -369.365, 0],
		[50, "PAD33", "T", 2465.63, -467.795, 0],
		[51, "PAD33", "B", 2465.63, -467.795, 0],
		[52, "PAD34", "T", 914.41, -938.345, 0],
		[53, "PAD34", "B", 914.41, -938.345, 0],
		[54, "PAD35", "T", 1465.59, -938.345, 0],
		[55, "PAD35", "B", 1465.59, -938.345, 0],
		[56, "PAD36", "T", 1327.79, -831.655, 0],
		[57, "PAD36", "B", 1327.79, -831.655, 0],
		[58, "PAD37", "T", 1229.37, -831.655, 0],
		[59, "PAD37", "B", 1229.37, -831.655, 0],
		[60, "PAD38", "T", 1150.63, -831.655, 0],
		[61, "PAD38", "B", 1150.63, -831.655, 0],
		[62, "PAD39", "T", 1052.2, -831.655, 0],
		[63, "PAD39", "B", 1052.2, -831.655, 0],
		[64, "PAD40", "T", 1654.41, -933.345, 0],
		[65, "PAD40", "B", 1654.41, -933.345, 0],
		[66, "PAD41", "T", 2205.59, -933.345, 0],
		[67, "PAD41", "B", 2205.59, -933.345, 0],
		[68, "PAD42", "T", 2067.79, -826.655, 0],
		[69, "PAD42", "B", 2067.79, -826.655, 0],
		[70, "PAD43", "T", 1969.37, -826.655, 0],
		[71, "PAD43", "B", 1969.37, -826.655, 0],
		[72, "PAD44", "T", 1890.63, -826.655, 0],
		[73, "PAD44", "B", 1890.63, -826.655, 0],
		[74, "PAD45", "T", 1792.2, -826.655, 0],
		[75, "PAD45", "B", 1792.2, -826.655, 0],
		[76, "PAD46", "T", 174.41, -938.345, 0],
		[77, "PAD46", "B", 174.41, -938.345, 0],
		[78, "PAD47", "T", 725.59, -938.345, 0],
		[79, "PAD47", "B", 725.59, -938.345, 0],
		[80, "PAD48", "T", 587.79, -831.655, 0],
		[81, "PAD48", "B", 587.79, -831.655, 0],
		[82, "PAD49", "T", 489.37, -831.655, 0],
		[83, "PAD49", "B", 489.37, -831.655, 0],
		[84, "PAD50", "T", 410.63, -831.655, 0],
		[85, "PAD50", "B", 410.63, -831.655, 0],
		[86, "PAD51", "T", 312.2, -831.655, 0],
		[87, "PAD51", "B", 312.2, -831.655, 0]
	]
},
"pins": {
	"fields": ["PIN_NO", "PIN_NAME", "PIN_X", "PIN_Y", "LAYER", "PIN_TYPE", "NET_NAME", "NET_TYPE", "PAD_SHAPE", "PAD_SIZEX", "PAD_SIZEY", "HOLE_SIZE", "HOLE_LEN", "PAD_ANGLE"],
	"rows": [
		[1, "C1_1", 2317.44, -640, "T", "SMD", "+5V", "", "R", 31.496, 35.433, 0, 0, 0],
		[2, "C1_2", 2372.56, -640, "T", "SMD", "GND", "GND", "R", 31.496, 35.433, 0, 0, 0],
		[3, "C2_1", 902.44, -505, "T", "SMD", "+5V", "", "R", 31.496, 35.433, 0, 0, 0],
		[4, "C2_2", 957.56, -505, "T", "SMD", "GND", "GND", "R", 31.496, 35.433, 0, 0, 0],
		[5, "C3_1", 280, -627.56, "T", "SMD", "+5V", "", "R", 31.496, 35.433, 0, 0, 90],
		[6, "C3_2", 280, -572.44, "T", "SMD", "GND", "GND", "R", 31.496, 35.433, 0, 0, 90],
		[7, "C4_1", 1952.44, -200, "T", "SMD", "+5V", "", "R", 31.496, 35.433, 0, 0, 0],
		[8, "C4_2", 2007.56, -200, "T", "SMD", "GND", "GND", "R", 31.496, 35.433, 0, 0, 0],
		[9, "C5_1", 732.56, -130, "T", "SMD", "$1N2159", "", "R", 31.496, 35.433, 0, 0, 180],
		[10, "C5_2", 677.44, -130, "T", "SMD", "GND", "GND", "R", 31.496, 35.433, 0, 0, 180],
		[11, "C6_1", 1292.44, -135, "T", "SMD", "$1N2173", "", "R", 31.496, 35.433, 0, 0, 0],
		[12, "C6_2", 1347.56, -135, "T", "SMD", "GND", "GND", "R", 31.496, 35.433, 0, 0, 0],
		[13, "D1_1", 2193.835, -155, "T", "SMD", "+5V", "", "R", 39.37, 29.528, 0, 0, 0],
		[14, "D1_2", 2286.165, -155, "T", "SMD", "$1N1869", "", "R", 39.37, 29.528, 0, 0, 0],
		[15, "U1_1", 1461.91, -130, "T", "SMD", "NET_1", "", "O", 22.047, 68.701, 0, 0, 270],
		[16, "U1_2", 1461.91, -180, "T", "SMD", "NET_2", "", "O", 22.047, 68.701, 0, 0, 270],
		[17, "U1_3", 1461.91, -230, "T", "SMD", "$1N1519", "", "O", 22.047, 68.701, 0, 0, 270],
		[18, "U1_4", 1461.91, -280, "T", "SMD", "$1N1512", "", "O", 22.047, 68.701, 0, 0, 270],
		[19, "U1_5", 1461.91, -330, "T", "SMD", "$1N1505", "", "O", 22.047, 68.701, 0, 0, 270],
		[20, "U1_6", 1461.91, -380, "T", "SMD", "$1N1498", "", "O", 22.047, 68.701, 0, 0, 270],
		[21, "U1_7", 1461.91, -430, "T", "SMD", "$1N1492", "", "O", 22.047, 68.701, 0, 0, 270],
		[22, "U1_8", 1461.91, -480, "T", "SMD", "$1N1485", "", "O", 22.047, 68.701, 0, 0, 270],
		[23, "U1_9", 1688.09, -480, "T", "SMD", "$1N1108", "", "O", 22.047, 68.701, 0, 0, 270],
		[24, "U1_10", 1688.09, -430, "T", "SMD", "$1N1073", "", "O", 22.047, 68.701, 0, 0, 270],
		[25, "U1_11", 1688.09, -380, "T", "SMD", "+5V", "", "O", 22.047, 68.701, 0, 0, 270],
		[26, "U1_12", 1688.09, -330, "T", "SMD", "GND", "GND", "O", 22.047, 68.701, 0, 0, 270],
		[27, "U1_13", 1688.09, -280, "T", "SMD", "$1N2159", "", "O", 22.047, 68.701, 0, 0, 270],
		[28, "U1_14", 1688.09, -230, "T", "SMD", "$1N2173", "", "O", 22.047, 68.701, 0, 0, 270],
		[29, "U1_15", 1688.09, -180, "T", "SMD", "NET_3", "", "O", 22.047, 68.701, 0, 0, 270],
		[30, "U1_16", 1688.09, -130, "T", "SMD", "GND", "GND", "O", 22.047, 68.701, 0, 0, 270],
		[31, "USB1_1", 2465.63, -192.205, "T", "DIP", "$1N1869", "", "R", 62.992, 62.992, 39.37, 39.37, 90],
		[32, "USB1_1", 2465.63, -192.205, "B", "DIP", "$1N1869", "", "R", 62.992, 62.992, 39.37, 39.37, 90],
		[33, "USB1_2", 2465.63, -290.625, "T", "DIP", "$1N1108", "", "C", 62.992, 62.992, 39.37, 39.37, 90],
		[34, "USB1_2", 2465.63, -290.625, "B", "DIP", "$1N1108", "", "C", 62.992, 62.992, 39.37, 39.37, 90],
		[35, "USB1_3", 2465.63, -369.365, "T", "DIP", "$1N1073", "", "C", 62.992, 62.992, 39.37, 39.37, 90],
		[36, "USB1_3", 2465.63, -369.365, "B", "DIP", "$1N1073", "", "C", 62.992, 62.992, 39.37, 39.37, 90],
		[37, "USB1_4", 2465.63, -467.795, "T", "DIP", "GND", "GND", "C", 62.992, 62.992, 39.37, 39.37, 90],
		[38, "USB1_4", 2465.63, -467.795, "B", "DIP", "GND", "GND", "C", 62.992, 62.992, 39.37, 39.37, 90],
		[39, "USB1_5", 2544.37, -101.655, "T", "DIP", "GND", "GND", "R", 62.992, 110.236, 31.496, 98.425, 90],
		[40, "USB1_5", 2544.37, -101.655, "B", "DIP", "GND", "GND", "R", 62.992, 110.236, 31.496, 98.425, 90],
		[41, "USB1_6", 2544.37, -558.345, "T", "DIP", "GND", "GND", "R", 62.992, 110.236, 31.496, 98.425, 90],
		[42, "USB1_6", 2544.37, -558.345, "B", "DIP", "GND", "GND", "R", 62.992, 110.236, 31.496, 98.425, 90],
		[43, "USB2_1", 1052.2, -831.655, "T", "DIP", "+5V", "", "R", 60, 60, 36.22, 36.22, 0],
		[44, "USB2_1", 1052.2, -831.655, "B", "DIP", "+5V", "", "R", 60, 60, 36.22, 36.22, 0],
		[45, "USB2_2", 1150.63, -831.655, "T", "DIP", "$1N1519", "", "C", 60, 60, 36.22, 36.22, 0],
		[46, "USB2_2", 1150.63, -831.655, "B", "DIP", "$1N1519", "", "C", 60, 60, 36.22, 36.22, 0],
		[47, "USB2_3", 1229.37, -831.655, "T", "DIP", "$1N1512", "", "C", 60, 60, 36.22, 36.22, 0],
		[48, "USB2_3", 1229.37, -831.655, "B", "DIP", "$1N1512", "", "C", 60, 60, 36.22, 36.22, 0],
		[49, "USB2_4", 1327.79, -831.655, "T", "DIP", "GND", "GND", "C", 60, 60, 36.22, 36.22, 0],
		[50, "USB2_4", 1327.79, -831.655, "B", "DIP", "GND", "GND", "C", 60, 60, 36.22, 36.22, 0],
		[51, "USB2_5", 1465.59, -938.345, "T", "DIP", "GND", "GND", "C", 102.362, 102.362, 82.678, 82.678, 0],
		[52, "USB2_5", 1465.59, -938.345, "B", "DIP", "GND", "GND", "C", 102.362, 102.362, 82.678, 82.678, 0],
		[53, "USB2_6", 914.41, -938.345, "T", "DIP", "GND", "GND", "C", 102.362, 102.362, 82.678, 82.678, 0],
		[54, "USB2_6", 914.41, -938.345, "B", "DIP", "GND", "GND", "C", 102.362, 102.362, 82.678, 82.678, 0],
		[55, "USB3_1", 1792.2, -826.655, "T", "DIP", "+5V", "", "R", 60, 60, 36.22, 36.22, 0],
		[56, "USB3_1", 1792.2, -826.655, "B", "DIP", "+5V", "", "R", 60, 60, 36.22, 36.22, 0],
		[57, "USB3_2", 1890.63, -826.655, "T", "DIP", "$1N1505", "", "C", 60, 60, 36.22, 36.22, 0],
		[58, "USB3_2", 1890.63, -826.655, "B", "DIP", "$1N1505", "", "C", 60, 60, 36.22, 36.22, 0],
		[59, "USB3_3", 1969.37, -826.655, "T", "DIP", "$1N1498", "", "C", 60, 60, 36.22, 36.22, 0],
		[60, "USB3_3", 1969.37, -826.655, "B", "DIP", "$1N1498", "", "C", 60, 60, 36.22, 36.22, 0],
		[61, "USB3_4", 2067.79, -826.655, "T", "DIP", "GND", "GND", "C", 60, 60, 36.22, 36.22, 0],
		[62, "USB3_4", 2067.79, -826.655, "B", "DIP", "GND", "GND", "C", 60, 60, 36.22, 36.22, 0],
		[63, "USB3_5", 2205.59, -933.345, "T", "DIP", "GND", "GND", "C", 102.362, 102.362, 82.678, 82.678, 0],
		[64, "USB3_5", 2205.59, -933.345, "B", "DIP", "GND", "GND", "C", 102.362, 102.362, 82.678, 82.678, 0],
		[65, "USB3_6", 1654.41, -933.345, "T", "DIP", "GND", "GND", "C", 102.362, 102.362, 82.678, 82.678, 0],
		[66, "USB3_6", 1654.41, -933.345, "B", "DIP", "GND", "GND", "C", 102.362, 102.362, 82.678, 82.678, 0],
		[67, "USB4_1", 312.2, -831.655, "T", "DIP", "+5V", "", "R", 60, 60, 36.22, 36.22, 0],
		[68, "USB4_1", 312.2, -831.655, "B", "DIP", "+5V", "", "R", 60, 60, 36.22, 36.22, 0],
		[69, "USB4_2", 410.63, -831.655, "T", "DIP", "$1N1492", "", "C", 60, 60, 36.22, 36.22, 0],
		[70, "USB4_2", 410.63, -831.655, "B", "DIP", "$1N1492", "", "C", 60, 60, 36.22, 36.22, 0],
		[71, "USB4_3", 489.37, -831.655, "T", "DIP", "$1N1485", "", "C", 60, 60, 36.22, 36.22, 0],
		[72, "USB4_3", 489.37, -831.655, "B", "DIP", "$1N1485", "", "C", 60, 60, 36.22, 36.22, 0],
		[73, "USB4_4", 587.79, -831.655, "T", "DIP", "GND", "GND", "C", 60, 60, 36.22, 36.22, 0],
		[74, "USB4_4", 587.79, -831.655, "B", "DIP", "GND", "GND", "C", 60, 60, 36.22, 36.22, 0],
		[75, "USB4_5", 725.59, -938.345, "T", "DIP", "GND", "GND", "C", 102.362, 102.362, 82.678, 82.678, 0],
		[76, "USB4_5", 725.59, -938.345, "B", "DIP", "GND", "GND", "C", 102.362, 102.362, 82.678, 82.678, 0],
		[77, "USB4_6", 174.41, -938.345, "T", "DIP", "GND", "GND", "C", 102.362, 102.362, 82.678, 82.678, 0],
		[78, "USB4_6", 174.41, -938.345, "B", "DIP", "GND", "GND", "C", 102.362, 102.362, 82.678, 82.678, 0],
		[79, "PAD1_2", 2372.56, -640, "T", "SMD", "GND", "GND", "R", 31.496, 35.433, 0, 0, 0],
		[80, "PAD2_1", 2317.44, -640, "T", "SMD", "+5V", "", "R", 31.496, 35.433, 0, 0, 0],
		[81, "PAD3_2", 957.56, -505, "T", "SMD", "GND", "GND", "R", 31.496, 35.433, 0, 0, 0],
		[82, "PAD4_1", 902.44, -505, "T", "SMD", "+5V", "", "R", 31.496, 35.433, 0, 0, 0],
		[83, "PAD5_2", 280, -572.44, "T", "SMD", "GND", "GND", "R", 31.496, 35.433, 0, 0, 90],
		[84, "PAD6_1", 280, -627.56, "T", "SMD", "+5V", "", "R", 31.496, 35.433, 0, 0, 90],
		[85, "PAD7_2", 2007.56, -200, "T", "SMD", "GND", "GND", "R", 31.496, 35.433, 0, 0, 0],
		[86, "PAD8_1", 1952.44, -200, "T", "SMD", "+5V", "", "R", 31.496, 35.433, 0, 0, 0],
		[87, "PAD9_2", 677.44, -130, "T", "SMD", "GND", "GND", "R", 31.496, 35.433, 0, 0, 180],
		[88, "PAD10_1", 732.56, -130, "T", "SMD", "$1N2159", "", "R", 31.496, 35.433, 0, 0, 180],
		[89, "PAD11_2", 1347.56, -135, "T", "SMD", "GND", "GND", "R", 31.496, 35.433, 0, 0, 0],
		[90, "PAD12_1", 1292.44, -135, "T", "SMD", "$1N2173", "", "R", 31.496, 35.433, 0, 0, 0],
		[91, "PAD13_2", 2286.165, -155, "T", "SMD", "$1N1869", "", "R", 39.37, 29.528, 0, 0, 0],
		[92, "PAD14_1", 2193.835, -155, "T", "SMD", "+5V", "", "R", 39.37, 29.528, 0, 0, 0],
		[93, "PAD15_3", 1461.91, -230, "T", "SMD", "$1N1519", "", "O", 22.047, 68.701, 0, 0, 270],
		[94, "PAD16_4", 1461.91, -280, "T", "SMD", "$1N1512", "", "O", 22.047, 68.701, 0, 0, 270],
		[95, "PAD17_5", 1461.91, -330, "T", "SMD", "$1N1505", "", "O", 22.047, 68.701, 0, 0, 270],
		[96, "PAD18_6", 1461.91, -380, "T", "SMD", "$1N1498", "", "O", 22.047, 68.701, 0, 0, 270],
		[97, "PAD19_7", 1461.91, -430, "T", "SMD", "$1N1492", "", "O", 22.047, 68.701, 0, 0, 270],
		[98, "PAD20_8", 1461.91, -480, "T", "SMD", "$1N1485", "", "O", 22.047, 68.701, 0, 0, 270],
		[99, "PAD21_16", 1688.09, -130, "T", "SMD", "GND", "GND", "O", 22.047, 68.701, 0, 0, 270],
		[100, "PAD22_14", 1688.09, -230, "T", "SMD", "$1N2173", "", "O", 22.047, 68.701, 0, 0, 270],
		[101, "PAD23_13", 1688.09, -280, "T", "SMD", "$1N2159", "", "O", 22.047, 68.701, 0, 0, 270],
		[102, "PAD24_12", 1688.09, -330, "T", "SMD", "GND", "GND", "O", 22.047, 68.701, 0, 0, 270],
		[103, "PAD25_11", 1688.09, -380, "T", "SMD", "+5V", "", "O", 22.047, 68.701, 0, 0, 270],
		[104, "PAD26_10", 1688.09, -430, "T", "SMD", "$1N1073", "", "O", 22.047, 68.701, 0, 0, 270],
		[105, "PAD27_9", 1688.09, -480, "T", "SMD", "$1N1108", "", "O", 22.047, 68.701, 0, 0, 270],
		[106, "PAD28_6", 2544.37, -558.345, "T", "DIP", "GND", "GND", "R", 62.992, 110.236, 31.496, 98.425, 90],
		[107, "PAD28_6", 2544.37, -558.345, "B", "DIP", "GND", "GND", "R", 62.992, 110.236, 31.496, 98.425, 90],
		[108, "PAD29_5", 2544.37, -101.655, "T", "DIP", "GND", "GND", "R", 62.992, 110.236, 31.496, 98.425, 90],
		[109, "PAD29_5", 2544.37, -101.655, "B", "DIP", "GND", "GND", "R", 62.992, 110.236, 31.496, 98.425, 90],
		[110, "PAD30_1", 2465.63, -192.205, "T", "DIP", "$1N1869", "", "R", 62.992, 62.992, 39.37, 39.37, 90],
		[111, "PAD30_1", 2465.63, -192.205, "B", "DIP", "$1N1869", "", "R", 62.992, 62.992, 39.37, 39.37, 90],
		[112, "PAD31_2", 2465.63, -290.625, "T", "DIP", "$1N1108", "", "C", 62.992, 62.992, 39.37, 39.37, 90],
		[113, "PAD31_2", 2465.63, -290.625, "B", "DIP", "$1N1108", "", "C", 62.992, 62.992, 39.37, 39.37, 90],
		[114, "PAD32_3", 2465.63, -369.365, "T", "DIP", "$1N1073", "", "C", 62.992, 62.992, 39.37, 39.37, 90],
		[115, "PAD32_3", 2465.63, -369.365, "B", "DIP", "$1N1073", "", "C", 62.992, 62.992, 39.37, 39.37, 90],
		[116, "PAD33_4", 2465.63, -467.795, "T", "DIP", "GND", "GND", "C", 62.992, 62.992, 39.37, 39.37, 90],
		[117, "PAD33_4", 2465.63, -467.795, "B", "DIP", "GND", "GND", "C", 62.992, 62.992, 39.37, 39.37, 90],
		[118, "PAD34_6", 914.41, -938.345, "T", "DIP", "GND", "GND", "C", 102.362, 102.362, 82.678, 82.678, 0],
		[119, "PAD34_6", 914.41, -938.345, "B", "DIP", "GND", "GND", "C", 102.362, 102.362, 82.678, 82.678, 0],
		[120, "PAD35_5", 1465.59, -938.345, "T", "DIP", "GND", "GND", "C", 102.362, 102.362, 82.678, 82.678, 0],
		[121, "PAD35_5", 1465.59, -938.345, "B", "DIP", "GND", "GND", "C", 102.362, 102.362, 82.678, 82.678, 0],
		[122, "PAD36_4", 1327.79, -831.655, "T", "DIP", "GND", "GND", "C", 60, 60, 36.22, 36.22, 0],
		[123, "PAD36_4", 1327.79, -831.655, "B", "DIP", "GND", "GND", "C", 60, 60, 36.22, 36.22, 0],
		[124, "PAD37_3", 1229.37, -831.655, "T", "DIP", "$1N1512", "", "C", 60, 60, 36.22, 36.22, 0],
		[125, "PAD37_3", 1229.37, -831.655, "B", "DIP", "$1N1512", "", "C", 60, 60, 36.22, 36.22, 0],
		[126, "PAD38_2", 1150.63, -831.655, "T", "DIP", "$1N1519", "", "C", 60, 60, 36.22, 36.22, 0],
		[127, "PAD38_2", 1150.63, -831.655, "B", "DIP", "$1N1519", "", "C", 60, 60, 36.22, 36.22, 0],
		[128, "PAD39_1", 1052.2, -831.655, "T", "DIP", "+5V", "", "R", 60, 60, 36.22, 36.22, 0],
		[129, "PAD39_1", 1052.2, -831.655, "B", "DIP", "+5V", "", "R", 60, 60, 36.22, 36.22, 0],
		[130, "PAD40_6", 1654.41, -933.345, "T", "DIP", "GND", "GND", "C", 102.362, 102.362, 82.678, 82.678, 0],
		[131, "PAD40_6", 1654.41, -933.345, "B", "DIP", "GND", "GND", "C", 102.362, 102.362, 82.678, 82.678, 0],
		[132, "PAD41_5", 2205.59, -933.345, "T", "DIP", "GND", "GND", "C", 102.362, 102.362, 82.678, 82.678, 0],
		[133, "PAD41_5", 2205.59, -933.345, "B", "DIP", "GND", "GND", "C", 102.362, 102.362, 82.678, 82.678, 0],
		[134, "PAD42_4", 2067.79, -826.655, "T", "DIP", "GND", "GND", "C", 60, 60, 36.22, 36.22, 0],
		[135, "PAD42_4", 2067.79, -826.655, "B", "DIP", "GND", "GND", "C", 60, 60, 36.22, 36.22, 0],
		[136, "PAD43_3", 1969.37, -826.655, "T", "DIP", "$1N1498", "", "C", 60, 60, 36.22, 36.22, 0],
		[137, "PAD43_3", 1969.37, -826.655, "B", "DIP", "$1N1498", "", "C", 60, 60, 36.22, 36.22, 0],
		[138, "PAD44_2", 1890.63, -826.655, "T", "DIP", "$1N1505", "", "C", 60, 60, 36.22, 36.22, 0],
		[139, "PAD44_2", 1890.63, -826.655, "B", "DIP", "$1N1505", "", "C", 60, 60, 36.22, 36.22, 0],
		[140, "PAD45_1", 1792.2, -826.655, "T", "DIP", "+5V", "", "R", 60, 60, 36.22, 36.22, 0],
		[141, "PAD45_1", 1792.2, -826.655, "B", "DIP", "+5V", "", "R", 60, 60, 36.22, 36.22, 0],
		[142, "PAD46_6", 174.41, -938.345, "T", "DIP", "GND", "GND", "C", 102.362, 102.362, 82.678, 82.678, 0],
		[143, "PAD46_6", 174.41, -938.345, "B", "DIP", "GND", "GND", "C", 102.362, 102.362, 82.678, 82.678, 0],
		[144, "PAD47_5", 725.59, -938.345, "T", "DIP", "GND", "GND", "C", 102.362, 102.362, 82.678, 82.678, 0],
		[145, "PAD47_5", 725.59, -938.345, "B", "DIP", "GND", "GND", "C", 102.362, 102.362, 82.678, 82.678, 0],
		[146, "PAD48_4", 587.79, -831.655, "T", "DIP", "GND", "GND", "C", 60, 60, 36.22, 36.22, 0],
		[147, "PAD48_4", 587.79, -831.655, "B", "DIP", "GND", "GND", "C", 60, 60, 36.22, 36.22, 0],
		[148, "PAD49_3", 489.37, -831.655, "T", "DIP", "$1N1485", "", "C", 60, 60, 36.22, 36.22, 0],
		[149, "PAD49_3", 489.37, -831.655, "B", "DIP", "$1N1485", "", "C", 60, 60, 36.22, 36.22, 0],
		[150, "PAD50_2", 410.63, -831.655, "T", "DIP", "$1N1492", "", "C", 60, 60, 36.22, 36.22, 0],
		[151, "PAD50_2", 410.63, -831.655, "B", "DIP", "$1N1492", "", "C", 60, 60, 36.22, 36.22, 0],
		[152, "PAD51_1", 312.2, -831.655, "T", "DIP", "+5V", "", "R", 60, 60, 36.22, 36.22, 0],
		[153, "PAD51_1", 312.2, -831.655, "B", "DIP", "+5V", "", "R", 60, 60, 36.22, 36.22, 0]
	]
}
}